{
  "buildCommand": "npm run build",
  "devCommand": "npm run dev",
  "installCommand": "npm install",
  "framework": "nextjs",
  "regions": ["dub1"],
  "env": {
    "DATABASE_URL": "@database_url",
    "NEXTAUTH_SECRET": "@nextauth_secret",
    "NEXTAUTH_URL": "@nextauth_url"
  },
  "build": {
    "env": {
      "DATABASE_URL": "@database_url",
      "NEXTAUTH_SECRET": "@nextauth_secret",
      "NEXTAUTH_URL": "@nextauth_url"
    }
  },
  "functions": {
    "src/app/api/**/*.js": {
      "maxDuration": 30
    }
  }
}
